id,titulo,tipo,alcance,categorias,url,pagina_fuente,fecha_version,estado,paginas,notas,fecha_consulta
UAI-REG-01,Reglamento de los Programas de Pregrado UAI (2 mar 2026),Reglamento,General UAI,cursos;evaluacion;alertas;eliminacion;solicitudes;articulacion;titulacion;ingreso,https://uai.cdn7pm.net/documentos/reglamento-programas-de-pregrado-2026.pdf,https://www.uai.cl/admision/como-postular/admision-directa-especial,2026-03-02 (Last-Modified 2026-05-18),Vigente (norma principal),21,"Rige a todos los programas de pregrado (licenciatura, bachillerato y título profesional). Art. 70: cohortes previas a 2026 conservan su reglamento si es más favorable. Incorpora Título V (segundo programa simultáneo), Título XV (articulación con Magíster de Continuidad), NFT=70% NFEC+30% defensa.",2026-10-07
UAI-REG-02,Folleto Reglamentos UAI 2025 (compilado de 10 reglamentos),Compilado de reglamentos,General UAI,cursos;evaluacion;alertas;eliminacion;convivencia;becas;movilidad,https://uai.cdn7pm.net/documentos/folleto-reglamentos-uai-2025.pdf,https://alumno.uai.cl/santiago/informacion-academica/secretaria-academica/,2025-04-22,Vigente para cohortes ≤2025 (aplicación supletoria art. 70 Reg. 2026),78,"Índice: Reglamento Licenciaturas y Bachilleratos (D.A. 16-2025, cohorte 2025) p.5; Convalidaciones y Homologaciones (D.A. 94-2023) p.18; Deportes p.21; Código de Honor (D.A. 1-2025) p.24; Becas Excelencia Académica (D.A. 89-2025) p.46; Beca de Honor p.59; Beca Artes Liberales (D.R. 51/2015) p.62; Derechos y Deberes de los Estudiantes (D.R. 2019) p.64; Movilidad Estudiantil (D.R. 23-2022) p.67; Distinción Global Student Recognition (D.R. 81-2024) p.74. No se encontró folleto 2026 (URLs -2026 devuelven 403).",2026-10-07
UAI-REG-03,Reglamento de Homologaciones y Convalidaciones de Asignaturas en Licenciaturas,Reglamento,General UAI,ingreso;convalidacion;articulacion,https://uai.cdn7pm.net/documentos/reglamento-de-homologaciones-y-convalidaciones-2025.pdf,https://www.uai.cl/admision/como-postular/admision-directa-especial,2023-12-15 (archivo 2025-01-22),Vigente,4,Cohortes desde 2024. Máx. 30% de créditos convalidables; ≤6 cursos de Artes Liberales (excluye CORE); antigüedad ≤6 años; solicitud ≥10 días hábiles antes del inicio del semestre; calificación C (convalidada) / H (homologada); sin apelación.,2026-10-07
UAI-REG-04,Reglamento de Becas de Excelencia Académica Pregrado 2026,Reglamento,General UAI,becas;ingreso,https://uai.cdn7pm.net/documentos/reglamento-becas-excelencia-academica-pregrado-2026.pdf,https://www.uai.cl/admision/becas-y-aranceles/becas,2025-12-09,Vigente (admisión 2026),19,,2026-10-07
UAI-REG-05,Reglamento sobre Ayudantes de Docencia 2024,Reglamento,General UAI,cursos;ayudantias,https://alumno.uai.cl/santiago/reglamento-ayudantes-2024/,https://alumno.uai.cl/santiago/lo-que-debes-saber/consulta-lo-que-necesites/protocolos-y-politicas-uai/,2024-03-06,Vigente (última versión publicada),,PDF servido como adjunto WordPress.,2026-10-07
UAI-REG-06,Código de Honor de los Estudiantes 2025,Reglamento disciplinario,General UAI,convivencia;eliminacion,https://alumno.uai.cl/assets/uploads/sites/3/2025/01/codigo-honor-2025.pdf,WebSearch (alumno.uai.cl),2025-01 (D.A. 1-2025),Vigente,,"También incluido en Folleto Reglamentos 2025 p.24-45. Sanciones afectan ICA (factor S 0,9/0,8/0,7).",2026-10-07
UAI-REG-07,Folleto Reglamentos UAI 2024,Compilado de reglamentos,General UAI,cursos;evaluacion;alertas;eliminacion;cohorte,https://alumno.uai.cl/assets/uploads/2024/04/reglamentos-uai-2024.pdf,Búsqueda en alumno.uai.cl,2024-04,Rige a la cohorte 2024 en lo más favorable (art. 70); verificar con Secretaría Académica,,"Referencia para la cohorte 2024 (Reglamento de Licenciaturas y Bachilleratos, D.A. 6/2024 según el Folleto 2025). Contenido no revisado en detalle en este corte.",2026-10-08
UAI-REG-08,Folleto Reglamentos UAI 2023,Compilado de reglamentos,General UAI,cursos;evaluacion;alertas;eliminacion;cohorte,https://alumno.uai.cl/assets/uploads/2023/01/reglamentos-uai-2023.pdf,Búsqueda en alumno.uai.cl,2023-01,Rige a la cohorte 2023 en lo más favorable (art. 70); verificar con Secretaría Académica,,Referencia para la cohorte 2023. Contenido no revisado en detalle en este corte.,2026-10-08
UAI-REG-09,Folleto Reglamentos UAI 2022,Compilado de reglamentos,General UAI,cursos;evaluacion;alertas;eliminacion;cohorte,https://alumno.uai.cl/assets/uploads/sites/2/2022/01/folleto-reglamentos-2022.pdf,Búsqueda en alumno.uai.cl,2022-01,Rige a la cohorte 2022 en lo más favorable (art. 70); verificar con Secretaría Académica,,Referencia para la cohorte 2022. Contenido no revisado en detalle en este corte.,2026-10-08
UAI-REG-10,Folleto Reglamentos UAI 2021,Compilado de reglamentos,General UAI,cursos;evaluacion;alertas;eliminacion;cohorte,https://alumno.uai.cl/assets/uploads/sites/3/2021/09/reglamentos-2021.pdf,Búsqueda en alumno.uai.cl,2021-09,Rige a la cohorte 2021 en lo más favorable (art. 70); verificar con Secretaría Académica,,Referencia para la cohorte 2021 y anteriores. Contenido no revisado en detalle en este corte.,2026-10-08
UAI-INS-01,Estatutos de la Universidad Adolfo Ibáñez,Norma institucional,General UAI,institucional;gobierno,https://uai.cdn7pm.net/documentos/estatutos-uai.pdf,https://www.uai.cl/la-universidad/transparencia,Archivo 2026-06-30,Vigente,13,Estatutos aprobados 2-may-2016; archivo actualizado jun-2026.,2026-10-07
UAI-INS-02,Reglamento Orgánico General,Norma institucional,General UAI,institucional;gobierno;roles,https://uai.cdn7pm.net/documentos/reglamento-organico-general.pdf,https://www.uai.cl/la-universidad/transparencia,Archivo 2024-06-28,Vigente,36,Define estructura de autoridades (roles).,2026-10-07
UAI-INS-03,Organigrama UAI,Organigrama,General UAI,roles;gobierno,https://uai.cdn7pm.net/documentos/organigrama.pdf,https://www.uai.cl/la-universidad/transparencia,Archivo 2024-06-28,Verificar (posible desfase con cargos 2026),1,El Reg. 2026 ya nombra 'Vicerrector Académico y de Investigación'.,2026-10-07
UAI-INS-04,Plan de Desarrollo Institucional,Plan estratégico,General UAI,institucional,https://uai.cdn7pm.net/documentos/plan-de-desarrollo-institucional.pdf,https://www.uai.cl/la-universidad/transparencia,Archivo 2024-06-28,Vigente,46,,2026-10-07
UAI-INS-05,Resumen Modelo de Prevención del Delito,Política de cumplimiento,General UAI,cumplimiento,https://uai.cdn7pm.net/documentos/resumen-modelo-prevencion-del-delito.pdf,https://www.uai.cl/la-universidad/transparencia/etica-y-cumplimiento,Archivo 2024-08-01,Vigente,38,Reportes semestrales MPD 2017–2022 disponibles en la misma página.,2026-10-07
UAI-INS-06,Informe Ombuds UAI 2025,Informe,General UAI,convivencia;acoso,https://uai.cdn7pm.net/documentos/informe-ombuds-uai-2025.pdf,https://www.uai.cl/la-universidad/transparencia/politica-contra-el-acoso,Archivo 2026-04-13,Vigente (periodo ene–dic 2025),9,"Informes anteriores: 2019-2020, 2020-2022.",2026-10-07
UAI-CAL-01,Calendario Académico UAI 2026 (versión 22-ene-2026),Calendario,General UAI,calendario;solicitudes;cursos,https://uai.cdn7pm.net/documentos/calendario-academico-uai-2026.pdf,https://www.uai.cl/calendario,2026-01-22,Vigente (versión más reciente),5,"Existe versión previa calendario-academico-2026.pdf (2026-01-09, 4 pp.) enlazada desde alumno.uai.cl. Usar la del 22-ene.",2026-10-07
UAI-CAL-02,Calendario Académico UAI 2026 (versión 9-ene-2026),Calendario,General UAI,calendario,https://uai.cdn7pm.net/documentos/calendario-academico-2026.pdf,https://www.uai.cl/calendario-academico-2026,2026-01-09,Reemplazado por UAI-CAL-01,4,Redirect desde uai.cl/calendario-academico-2026.,2026-10-07
UAI-CAL-03,Calendario Académico UAI 2025,Calendario,General UAI,calendario,https://uai.cdn7pm.net/documentos/calendario-academico-uai-2025.pdf,https://alumno.uai.cl/santiago/lo-que-debes-saber/consulta-lo-que-necesites/protocolos-y-politicas-uai/,2025,Histórico,,Aún enlazado como vigente en la página de Protocolos (desactualizado).,2026-10-07
UAI-PRO-01,Protocolo de investigación y sanción frente al acoso,Protocolo,General UAI,convivencia;acoso;denuncias,https://uai.cdn7pm.net/documentos/protocolo-investigacion-y-sancion-frente-al-acoso.pdf,https://alumno.uai.cl/santiago/lo-que-debes-saber/consulta-lo-que-necesites/protocolos-y-politicas-uai/,s/f,Vigente,,Referido expresamente en art. 1 Reg. 2026.,2026-10-07
UAI-PRO-02,Política de Inclusión y Diversidad,Política,General UAI,inclusion;convivencia,https://alumno.uai.cl/assets/uploads/sites/2/2025/10/poltica-de-inclusin-y-diversidad-.pdf,https://alumno.uai.cl/santiago/lo-que-debes-saber/consulta-lo-que-necesites/protocolos-y-politicas-uai/,2025-10,Vigente,,Referida expresamente en art. 1 Reg. 2026.,2026-10-07
UAI-PRO-03,Protocolo de Primeros Auxilios (02-09-2025),Protocolo,Sede Santiago,salud;emergencias,https://alumno.uai.cl/assets/uploads/sites/2/2025/10/protocolo-primeros-auxilios-02-09-25.pdf,https://alumno.uai.cl/santiago/lo-que-debes-saber/consulta-lo-que-necesites/protocolos-y-politicas-uai/,2025-09-02,Vigente,,,2026-10-07
UAI-PRO-04,Plan de Emergencia UAI 2023 (Emergencia de salud),Protocolo,Sede Santiago,emergencias,https://alumno.uai.cl/assets/uploads/sites/2/2023/03/plan-de-emergencia-uai-2023-corregido.pdf,https://alumno.uai.cl/santiago/lo-que-debes-saber/consulta-lo-que-necesites/protocolos-y-politicas-uai/,2023-03,Vigente (verificar),,,2026-10-07
UAI-PRO-05,Protocolo de Emergencia y Evacuación,Protocolo,Sede Santiago,emergencias,https://alumno.uai.cl/assets/uploads/sites/2/2020/01/pdf-emergencia-y-evacuacin.pdf,https://alumno.uai.cl/santiago/lo-que-debes-saber/consulta-lo-que-necesites/protocolos-y-politicas-uai/,2020-01,Antiguo (verificar),,,2026-10-07
UAI-PRO-06,Procedimiento en caso de hurto o robo,Procedimiento,Sede Santiago,convivencia;campus,https://alumno.uai.cl/assets/uploads/sites/2/2022/06/2022-06-procedimiento-en-caso-de-hurto-o-robo-2.pdf,https://alumno.uai.cl/santiago/lo-que-debes-saber/preguntas-frecuentes/,2022-06,Vigente (verificar),,,2026-10-07
UAI-PRO-07,Política de Vida Estudiantil UAI,Política,General UAI,convivencia;vida estudiantil,https://alumno.uai.cl/santiago/politica-de-vida-estudiantil-uai/,https://alumno.uai.cl/santiago/lo-que-debes-saber/consulta-lo-que-necesites/protocolos-y-politicas-uai/,s/f,Vigente,,PDF como adjunto WordPress.,2026-10-07
UAI-PRO-08,Política de Bienestar y Salud Mental,Política,General UAI,bienestar,https://alumno.uai.cl/santiago/politica-de-bienestar-y-salud-mental/,https://alumno.uai.cl/santiago/lo-que-debes-saber/consulta-lo-que-necesites/protocolos-y-politicas-uai/,s/f,Vigente,,PDF como adjunto WordPress.,2026-10-07
UAI-PRO-09,Política para Estudiantes Deportistas Seleccionados Nacionales,Política (decreto),General UAI,cursos;justificaciones;deportes,https://alumno.uai.cl/assets/uploads/sites/2/2023/07/decreto-aprueba-politica-estudiantes-deportistas-seleccionados-nacionales.pdf,https://alumno.uai.cl/santiago/lo-que-debes-saber/consulta-lo-que-necesites/protocolos-y-politicas-uai/,2023-07,Vigente,,Referida en art. 26 Reg. 2026 (justificación de inasistencias).,2026-10-07
UAI-PRO-10,"Política de Inclusión para Padres, Madres y Embarazadas",Política,General UAI,inclusion,https://alumno.uai.cl/santiago/2022-8-politica-inclusion-padres-madres-y-embarazadas/,https://alumno.uai.cl/santiago/lo-que-debes-saber/consulta-lo-que-necesites/protocolos-y-politicas-uai/,2022-08,Vigente (verificar),,,2026-10-07
UAI-PRO-11,Decreto Becas UAI 2023,Decreto,General UAI,becas,https://alumno.uai.cl/santiago/decreto-becas-uai-ano-2023/,https://alumno.uai.cl/santiago/lo-que-debes-saber/consulta-lo-que-necesites/protocolos-y-politicas-uai/,2023,Histórico (reemplazado por UAI-REG-04 para 2026),,,2026-10-07
UAI-PRO-12,Procedimiento Seguro Escolar,Procedimiento,General UAI,salud;seguros,https://uai.cdn7pm.net/documentos/procedimiento-seguro-escolar.pdf,https://alumno.uai.cl/santiago/,s/f,Vigente (verificar),,,2026-10-07
UAI-PRO-13,Procedimiento Seguros y Accidentes,Procedimiento,General UAI,salud;seguros,https://uai.cdn7pm.net/documentos/procedimiento-seguros-y-accidentes.pdf,https://alumno.uai.cl/santiago/,s/f,Vigente (verificar),,,2026-10-07
UAI-FIN-01,Aranceles estudiantes antiguos Santiago 2026,Arancel,Sede Santiago,finanzas,https://uai.cdn7pm.net/documentos/aranceles-estudiantes-antiguos-stgo-2026.pdf,https://alumno.uai.cl/finanzas-estudiantiles/matriculas-y-aranceles/,2026,Vigente,,,2026-10-07
UAI-FIN-02,Aranceles estudiantes antiguos Viña del Mar 2026,Arancel,Sede Viña del Mar,finanzas,https://uai.cdn7pm.net/documentos/aranceles-estudiantes-antiguos-vina-2026.pdf,https://alumno.uai.cl/finanzas-estudiantiles/matriculas-y-aranceles/,2026,Vigente,,,2026-10-07
UAI-FIN-03,Contrato de prestación de servicios educacionales 2025 (mayores de edad),Contrato,General UAI,finanzas;matricula,https://alumno.uai.cl/assets/uploads/2025/02/2025_contrato-mayores-de-edad-bajo.pdf,https://alumno.uai.cl/finanzas-estudiantiles/documentos-importantes/,2025-02,Vigente (verificar versión 2026),,,2026-10-07
UAI-FIN-04,Preguntas frecuentes Becas Mineduc y CAE,Guía,General UAI,becas;finanzas,https://uai.cdn7pm.net/documentos/preguntas-frecuentes-becas-mineduc-y-cae.pdf,https://www.uai.cl/admision/becas-y-aranceles/becas,2026-04-23,Vigente,10,,2026-10-07
UAI-FIN-05,Ficha de incorporación,Formulario,General UAI,matricula;documentos,https://uai.cdn7pm.net/documentos/ficha-de-incorporacion.pdf,https://alumno.uai.cl/finanzas-estudiantiles/,s/f,Vigente (verificar),,,2026-10-07
UAI-ING-01,Convalidación Programa de Inglés: tabla y escala de equivalencias,Tabla,General UAI,ingreso;convalidacion;ingles,https://alumno.uai.cl/santiago/tabla_convalidacion/,https://alumno.uai.cl/santiago/programa-de-ingles/,s/f,Vigente (coherente con art. 18 Reg. 2026),,Adjuntos: /santiago/tabla_convalidacion/ y /santiago/escala_equivalencia_convalidacion/.,2026-10-07
UAI-WEB-01,"Secretaría Académica (Santiago): procesos, contactos por inicial de apellido",Página web,Sede Santiago,roles;contactos;documentos;solicitudes,https://alumno.uai.cl/santiago/informacion-academica/secretaria-academica/,—,Consultada 2026-10-07,Vigente,,"Atención 2° piso Edificio F, 9:30–16:30; secretariadepregrado@uai.cl.",2026-10-07
UAI-WEB-02,"Solicitudes Académicas (Santiago): renuncia, suspensión, anulación, reincorporación, cambios",Página web,Sede Santiago,solicitudes,https://alumno.uai.cl/santiago/pregrado/informacion-academica/solicitudes-academicas/,—,Consultada 2026-10-07,DESACTUALIZADA (plazos de 2020),,"Definiciones útiles, pero plazos corresponden a 2° sem. 2020. Usar Calendario 2026.",2026-10-07
UAI-WEB-03,Preguntas Frecuentes (Santiago),Página web,Sede Santiago,solicitudes;justificaciones;certificados;contactos,https://alumno.uai.cl/santiago/lo-que-debes-saber/preguntas-frecuentes/,—,Consultada 2026-10-07,Parcialmente desactualizada (montos TNE 2023),,,2026-10-07
UAI-WEB-04,"Secretaría Académica (Viña del Mar): justificaciones, solicitudes online, certificados",Página web,Sede Viña del Mar,solicitudes;justificaciones;certificados,https://alumno.uai.cl/vina-del-mar/quienes-somos/secretaria-academica/,—,Consultada 2026-10-07,Vigente,,Justificación vía WebC Autoservicio dentro de 48 h (la web) vs 2 días hábiles (reglamento). pregradovina@uai.cl.,2026-10-07
UAI-WEB-05,Certificados académicos (procedimiento),Página web,General UAI,documentos;certificados,https://www.uai.cl/certificados-academicos/,—,Consultada 2026-10-07,Vigente,,Solicitud en solicitudes.uai.cl; 2 gratis/año por tipo; plazos 3/10/20 días hábiles.,2026-10-07
UAI-WEB-06,Admisión Directa/Especial,Página web,General UAI,ingreso;admision especial,https://www.uai.cl/admision/como-postular/admision-directa-especial,—,Consultada 2026-10-07,Vigente,,Vías independientes y complementarias a PAES; enlaza Reglamento 2026 y Homologaciones.,2026-10-07
UAI-WEB-07,Magísteres de Continuidad (general),Página web,General UAI,articulacion;magister,https://www.uai.cl/postgrados/magisteres-de-continuidad,—,Consultada 2026-10-07,Vigente,,Forman parte del segundo ciclo de pregrado; título + grado de magíster integrados; oferta marzo 2027.,2026-10-07
UAI-WEB-08,"Finanzas estudiantiles: pagos, FAQ, documentos importantes, beneficios estatales",Página web,General UAI,finanzas,https://alumno.uai.cl/finanzas-estudiantiles/,—,Consultada 2026-10-07,Vigente,,,2026-10-07
FCOM-01,Licenciatura en Comunicación / Comunicación Estratégica – Periodismo (página de carrera),Página web,Facultad (Escuela de Comunicaciones y Periodismo),ingreso;articulacion;titulacion;malla,https://www.uai.cl/admision/carreras/comunicacion-estrategica-periodismo-doble-titulo,—,Consultada 2026-10-07,Vigente,,Plan común 3 años (Lic. en Comunicación Social) + 1 año título; 5 años doble título o Magíster en Comunicación e Innovación; 6 años articulación con Ing. Comercial. DEMRE 42005 (Stgo) / 42025 (Viña). Ponderaciones y aranceles 2027.,2026-10-07
FCOM-02,Folleto Licenciatura en Comunicación 2026,Folleto,Facultad (Escuela de Comunicaciones y Periodismo),ingreso;articulacion;malla,https://uai.cdn7pm.net/documentos/folleto-licenciatura-en-comunicacion-2026.pdf,https://www.uai.cl/admision/carreras/comunicacion-estrategica-periodismo-doble-titulo,2026-04-27,Vigente,10,,2026-10-07
FCOM-03,Malla curricular Periodismo,Malla,Facultad (Escuela de Comunicaciones y Periodismo),cursos;malla,https://uai.cdn7pm.net/documentos/malla-pregrado-periodismo.pdf,https://www.uai.cl/admision/carreras/comunicacion-estrategica-periodismo-doble-titulo,2025-10-21,Vigente,1,8 semestres; 4° año bimestral + trimestre verano con Práctica Profesional.,2026-10-07
FCOM-04,Malla curricular Comunicación Estratégica,Malla,Facultad (Escuela de Comunicaciones y Periodismo),cursos;malla,https://uai.cdn7pm.net/documentos/malla-comunicacion-estrategica-uai.pdf,https://www.uai.cl/admision/carreras/comunicacion-estrategica-periodismo-doble-titulo,2025-10-21,Vigente,1,,2026-10-07
FCOM-05,Malla articulación Comunicación Estratégica + Ingeniería Comercial,Malla,Facultad (Escuela de Comunicaciones y Periodismo),articulacion;malla,https://uai.cdn7pm.net/documentos/malla-articulacion-comunicacion-estrategica-con-ingenieria-comercial.pdf,https://www.uai.cl/admision/carreras/comunicacion-estrategica-periodismo-doble-titulo,2025-10-21,Vigente (propuesta de malla),1,12 semestres; título Comunicación Estratégica mención Management + Ingeniería Comercial (Finanzas/Marketing/Management).,2026-10-07
FCOM-06,Escuela de Comunicaciones y Periodismo – Autoridades,Página web,Facultad (Escuela de Comunicaciones y Periodismo),roles;contactos,https://www.uai.cl/comunicaciones/la-escuela/autoridades,—,Consultada 2026-10-07,Vigente,,Decana: Magdalena Browne; Vicedecana: Bárbara Fuentes; Director Viña: Daniel Avendaño; Director Carrera Periodismo: Carlos Franco; Dir. Académico Com. Estratégica: Patrick Thelen; Dir. Investigación: Andrés Scherman; Dir. Académico Mg. Dirección Estratégica de Comunicaciones: Ernesto Escobar.,2026-10-07
FCOM-07,Escuela de Comunicaciones y Periodismo – Carreras,Página web,Facultad (Escuela de Comunicaciones y Periodismo),malla;titulacion,https://www.uai.cl/comunicaciones/carreras,—,Consultada 2026-10-07,Vigente,,,2026-10-07
FCOM-08,Magísteres de Continuidad – Escuela de Comunicaciones y Periodismo,Página web,Facultad (Escuela de Comunicaciones y Periodismo),articulacion;magister,https://www.uai.cl/postgrados/magisteres-de-continuidad/escuela-de-comunicaciones-y-periodismo,—,Consultada 2026-10-07,"Vigente (contenido mínimo, carga dinámica)",,La página no expone requisitos específicos del Magíster en Comunicación e Innovación en HTML estático.,2026-10-07
FCOM-09,"Sitio legado comunicaciones.uai.cl (autoridades, carreras)",Sitio web,Facultad (Escuela de Comunicaciones y Periodismo),roles,https://comunicaciones.uai.cl/la-escuela/autoridades/,WebSearch,s/f,Legado (verificar vigencia; el sitio oficial actual es uai.cl/comunicaciones),,No fue posible leerlo desde el navegador (bloqueo CORS/TLS).,2026-10-07
